{"name":"DejaVuSansCondensed-BoldOblique","type":"TTF","desc":{"CapHeight":729,"XHeight":547,"FontBBox":"[-960 -385 1820 1121]","Flags":262212,"Ascent":928,"Descent":-236,"Leading":0,"ItalicAngle":-11,"StemV":165,"MissingWidth":540},"unitsPerEm":2048,"up":-63,"ut":44,"strp":259,"strs":50,"ttffile":"\/home\/amoypren\/public_html\/barcode\/advanced\/vendor\/mpdf\/mpdf\/src\/Config\/..\/..\/ttfonts\/DejaVuSansCondensed-BoldOblique.ttf","TTCfontID":0,"originalsize":621680,"sip":false,"smp":false,"BMPselected":true,"fontkey":"dejavusanscondensedBI","panose":" 0 0 2 b 8 6 3 3 4 b 2 4","haskerninfo":true,"haskernGPOS":true,"hassmallcapsGSUB":false,"fontmetrics":"win","useOTL":255,"rtlPUAstr":"\\x{0EF01}-\\x{0EF19}","GSUBScriptLang":{"DFLT":"DFLT ","arab":"DFLT KUR  SND  URD  ","armn":"DFLT ","brai":"DFLT ","cans":"DFLT ","cher":"DFLT ","cyrl":"DFLT MKD  SRB  ","geor":"DFLT ","grek":"DFLT ","hani":"DFLT ","hebr":"DFLT ","kana":"DFLT ","lao ":"DFLT ","latn":"DFLT CAT  ESP  GAL  ISM  KSM  LSM  MOL  NSM  ROM  SKS  SSM  ","math":"DFLT ","nko ":"DFLT ","ogam":"DFLT ","runr":"DFLT ","tfng":"DFLT ","thai":"DFLT "},"GSUBFeatures":{"DFLT":{"DFLT":{"ccmp":[2],"dlig":[11],"case":[27]}},"arab":{"DFLT":{"ccmp":[0,2]},"KUR ":{"ccmp":[2]},"SND ":{"ccmp":[2]},"URD ":{"ccmp":[2]}},"armn":{"DFLT":{"ccmp":[2],"dlig":[8]}},"brai":{"DFLT":{"ccmp":[2]}},"cans":{"DFLT":{"ccmp":[2]}},"cher":{"DFLT":{"ccmp":[2]}},"cyrl":{"DFLT":{"ccmp":[1,2]},"MKD ":{"ccmp":[1,2],"locl":[4]},"SRB ":{"ccmp":[1,2],"locl":[4]}},"geor":{"DFLT":{"ccmp":[2]}},"grek":{"DFLT":{"ccmp":[1,2],"aalt":[14],"salt":[15]}},"hani":{"DFLT":{"ccmp":[2]}},"hebr":{"DFLT":{"ccmp":[0,2,3],"hlig":[7],"aalt":[12],"salt":[13]}},"kana":{"DFLT":{"ccmp":[2]}},"lao ":{"DFLT":{"ccmp":[2]}},"latn":{"DFLT":{"ccmp":[1,2],"liga":[6],"dlig":[9],"hlig":[10],"salt":[16],"aalt":[17],"case":[27]},"CAT ":{"case":[27]},"ESP ":{"case":[27]},"GAL ":{"case":[27]},"ISM ":{"ccmp":[1,2],"locl":[5],"liga":[6],"dlig":[9],"hlig":[10],"salt":[16],"aalt":[17]},"KSM ":{"ccmp":[1,2],"locl":[5],"liga":[6],"dlig":[9],"hlig":[10],"salt":[16],"aalt":[17]},"LSM ":{"ccmp":[1,2],"locl":[5],"liga":[6],"dlig":[9],"hlig":[10],"salt":[16],"aalt":[17]},"MOL ":{"ccmp":[1,2],"liga":[6],"dlig":[9],"hlig":[10],"salt":[16],"aalt":[17]},"NSM ":{"ccmp":[1,2],"locl":[5],"liga":[6],"dlig":[9],"hlig":[10],"salt":[16],"aalt":[17]},"ROM ":{"ccmp":[1,2],"liga":[6],"dlig":[9],"hlig":[10],"salt":[16],"aalt":[17]},"SKS ":{"ccmp":[1,2],"locl":[5],"liga":[6],"dlig":[9],"hlig":[10],"salt":[16],"aalt":[17]},"SSM ":{"ccmp":[1,2],"locl":[5],"liga":[6],"dlig":[9],"hlig":[10],"salt":[16],"aalt":[17]}},"math":{"DFLT":{"ccmp":[2]}},"nko ":{"DFLT":{"ccmp":[0,2]}},"ogam":{"DFLT":{"ccmp":[2]}},"runr":{"DFLT":{"ccmp":[2]}},"tfng":{"DFLT":{"ccmp":[2]}},"thai":{"DFLT":{"ccmp":[2]}}},"GSUBLookups":[{"Type":6,"Flag":1,"SubtableCount":1,"Subtables":[595330],"MarkFilteringSet":""},{"Type":6,"Flag":0,"SubtableCount":1,"Subtables":[595414],"MarkFilteringSet":""},{"Type":6,"Flag":0,"SubtableCount":10,"Subtables":[596294,596382,596470,596558,596646,596734,596800,596872,596944,597016],"MarkFilteringSet":""},{"Type":4,"Flag":1,"SubtableCount":1,"Subtables":[597082],"MarkFilteringSet":""},{"Type":1,"Flag":0,"SubtableCount":1,"Subtables":[597120],"MarkFilteringSet":""},{"Type":1,"Flag":0,"SubtableCount":1,"Subtables":[597132],"MarkFilteringSet":""},{"Type":4,"Flag":0,"SubtableCount":1,"Subtables":[597144],"MarkFilteringSet":""},{"Type":4,"Flag":1,"SubtableCount":1,"Subtables":[597204],"MarkFilteringSet":""},{"Type":4,"Flag":0,"SubtableCount":1,"Subtables":[597228],"MarkFilteringSet":""},{"Type":4,"Flag":0,"SubtableCount":1,"Subtables":[597304],"MarkFilteringSet":""},{"Type":4,"Flag":0,"SubtableCount":1,"Subtables":[597328],"MarkFilteringSet":""},{"Type":4,"Flag":0,"SubtableCount":1,"Subtables":[597352],"MarkFilteringSet":""},{"Type":1,"Flag":1,"SubtableCount":1,"Subtables":[597508],"MarkFilteringSet":""},{"Type":1,"Flag":1,"SubtableCount":1,"Subtables":[597520],"MarkFilteringSet":""},{"Type":1,"Flag":0,"SubtableCount":1,"Subtables":[597532],"MarkFilteringSet":""},{"Type":1,"Flag":0,"SubtableCount":1,"Subtables":[597570],"MarkFilteringSet":""},{"Type":1,"Flag":0,"SubtableCount":1,"Subtables":[597608],"MarkFilteringSet":""},{"Type":3,"Flag":0,"SubtableCount":1,"Subtables":[597638],"MarkFilteringSet":""},{"Type":1,"Flag":1,"SubtableCount":1,"Subtables":[597696],"MarkFilteringSet":""},{"Type":1,"Flag":0,"SubtableCount":1,"Subtables":[597708],"MarkFilteringSet":""},{"Type":1,"Flag":0,"SubtableCount":1,"Subtables":[597766],"MarkFilteringSet":""},{"Type":1,"Flag":0,"SubtableCount":1,"Subtables":[597828],"MarkFilteringSet":""},{"Type":1,"Flag":0,"SubtableCount":1,"Subtables":[597844],"MarkFilteringSet":""},{"Type":1,"Flag":0,"SubtableCount":1,"Subtables":[597860],"MarkFilteringSet":""},{"Type":1,"Flag":0,"SubtableCount":1,"Subtables":[597876],"MarkFilteringSet":""},{"Type":1,"Flag":0,"SubtableCount":1,"Subtables":[597892],"MarkFilteringSet":""},{"Type":1,"Flag":0,"SubtableCount":1,"Subtables":[597908],"MarkFilteringSet":""},{"Type":1,"Flag":0,"SubtableCount":1,"Subtables":[597934],"MarkFilteringSet":""}],"GPOSScriptLang":{"DFLT":"DFLT ","arab":"DFLT ","armn":"DFLT ","brai":"DFLT ","cans":"DFLT ","cher":"DFLT ","cyrl":"DFLT MKD  SRB  ","geor":"DFLT ","grek":"DFLT ","hani":"DFLT ","hebr":"DFLT ","kana":"DFLT ","lao ":"DFLT ","latn":"DFLT ISM  KSM  LSM  MOL  NSM  ROM  SKS  SSM  ","math":"DFLT ","nko ":"DFLT ","ogam":"DFLT ","runr":"DFLT ","tfng":"DFLT ","thai":"DFLT "},"GPOSFeatures":{"DFLT":{"DFLT":{"kern":[10]}},"arab":{"DFLT":{"mark":[3,4,5]}},"armn":{"DFLT":{"kern":[10]}},"brai":{"DFLT":{"kern":[10]}},"cans":{"DFLT":{"kern":[10]}},"cher":{"DFLT":{"kern":[10]}},"cyrl":{"DFLT":{"mkmk":[2],"mark":[8],"kern":[10]},"MKD ":{"mkmk":[2],"mark":[8],"kern":[10]},"SRB ":{"mkmk":[2],"mark":[8],"kern":[10]}},"geor":{"DFLT":{"kern":[10]}},"grek":{"DFLT":{"mkmk":[2],"mark":[8],"kern":[10]}},"hani":{"DFLT":{"kern":[10]}},"hebr":{"DFLT":{"mark":[3,4,5],"kern":[10]}},"lao ":{"DFLT":{"mkmk":[0,1],"mark":[6,7],"kern":[10]}},"latn":{"DFLT":{"mkmk":[2],"mark":[8],"kern":[9,10]},"ISM ":{"mkmk":[2],"mark":[8],"kern":[9,10]},"KSM ":{"mkmk":[2],"mark":[8],"kern":[9,10]},"LSM ":{"mkmk":[2],"mark":[8],"kern":[9,10]},"MOL ":{"mkmk":[2],"mark":[8],"kern":[9,10]},"NSM ":{"mkmk":[2],"mark":[8],"kern":[9,10]},"ROM ":{"mkmk":[2],"mark":[8],"kern":[9,10]},"SKS ":{"mkmk":[2],"mark":[8],"kern":[9,10]},"SSM ":{"mkmk":[2],"mark":[8],"kern":[9,10]}},"math":{"DFLT":{"kern":[10]}},"nko ":{"DFLT":{"mark":[3,4,5],"kern":[10]}},"runr":{"DFLT":{"kern":[10]}},"thai":{"DFLT":{"kern":[10]}}},"GPOSLookups":[{"Type":6,"Flag":0,"SubtableCount":1,"Subtables":[572738],"MarkFilteringSet":""},{"Type":6,"Flag":0,"SubtableCount":1,"Subtables":[572796],"MarkFilteringSet":""},{"Type":6,"Flag":0,"SubtableCount":2,"Subtables":[572946,573352],"MarkFilteringSet":""},{"Type":4,"Flag":1,"SubtableCount":1,"Subtables":[574558],"MarkFilteringSet":""},{"Type":4,"Flag":1,"SubtableCount":1,"Subtables":[574822],"MarkFilteringSet":""},{"Type":4,"Flag":1,"SubtableCount":1,"Subtables":[575240],"MarkFilteringSet":""},{"Type":4,"Flag":0,"SubtableCount":1,"Subtables":[575318],"MarkFilteringSet":""},{"Type":4,"Flag":0,"SubtableCount":1,"Subtables":[575634],"MarkFilteringSet":""},{"Type":4,"Flag":0,"SubtableCount":6,"Subtables":[576060,577550,577876,578024,578460,582652],"MarkFilteringSet":""},{"Type":2,"Flag":0,"SubtableCount":1,"Subtables":[588918],"MarkFilteringSet":""},{"Type":2,"Flag":0,"SubtableCount":1,"Subtables":[594106],"MarkFilteringSet":""}],"kerninfo":{"45":{"84":-146,"86":-72,"87":-44,"88":-100,"89":-165,"221":-165,"356":-146,"376":-165},"65":{"44":18,"46":18,"58":18,"59":18,"67":-30,"79":-30,"84":-95,"85":-44,"86":-67,"87":-54,"89":-114,"99":-30,"100":-30,"116":-54,"118":-54,"119":-44,"121":-72,"199":-30,"210":-30,"211":-30,"212":-30,"213":-30,"214":-30,"216":-30,"217":-44,"218":-44,"219":-44,"220":-44,"221":-114,"231":-30,"253":-72,"255":-72,"262":-30,"263":-30,"264":-30,"265":-30,"266":-30,"267":-30,"268":-30,"269":-30,"271":-30,"273":-30,"332":-30,"334":-30,"336":-30,"338":-30,"354":-95,"355":-54,"356":-95,"357":-54,"360":-44,"362":-44,"364":-44,"366":-44,"368":-44,"370":-44,"372":-54,"373":-44,"374":-114,"375":-72,"376":-114,"490":-30,"492":-30,"538":-95,"539":-54,"558":-30,"562":-114,"563":-72,"7808":-54,"7809":-44,"7810":-54,"7811":-44,"7812":-54,"7813":-44,"7922":-114,"7923":-72,"8217":-123,"8218":50,"8221":-123,"8222":50},"66":{"86":-40,"87":-54,"89":-54,"221":-54,"372":-54,"374":-54,"376":-54,"562":-54,"7808":-54,"7810":-54,"7812":-54,"7922":-54},"67":{"83":-35,"346":-35,"348":-35,"350":-35,"352":-35,"536":-35},"68":{"45":18,"89":-77,"221":-77,"374":-77,"376":-77,"562":-77,"7922":-77,"8218":-17,"8222":-17},"70":{"44":-216,"45":-49,"46":-220,"58":-54,"59":-54,"65":-128,"97":-114,"101":-77,"111":-77,"114":-109,"117":-95,"121":-91,"192":-128,"193":-128,"194":-128,"195":-128,"196":-128,"224":-114,"225":-114,"226":-114,"227":-114,"228":-114,"229":-114,"230":-114,"232":-77,"233":-77,"234":-77,"235":-77,"242":-77,"243":-77,"244":-77,"245":-77,"246":-77,"248":-77,"249":-95,"250":-95,"251":-95,"252":-95,"253":-91,"255":-91,"256":-128,"257":-114,"258":-128,"259":-114,"260":-128,"261":-114,"275":-77,"277":-77,"279":-77,"281":-77,"283":-77,"333":-77,"335":-77,"337":-77,"339":-77,"341":-109,"343":-109,"345":-109,"361":-95,"363":-95,"365":-95,"367":-95,"369":-95,"371":-95,"375":-91,"483":-114,"491":-77,"493":-77,"559":-77,"563":-91,"7923":-91,"8217":-17,"8218":-220,"8222":-220},"71":{"84":-17,"89":-40,"221":-40,"356":-17,"376":-40},"75":{"45":-123,"67":-63,"79":-63,"85":-35,"87":-26,"101":-54,"111":-54,"117":-54,"121":-100,"199":-63,"210":-63,"211":-63,"212":-63,"213":-63,"214":-63,"216":-26,"217":-35,"218":-35,"219":-35,"220":-35,"232":-54,"233":-54,"234":-54,"235":-54,"242":-54,"243":-54,"244":-54,"245":-54,"246":-54,"248":-54,"249":-54,"250":-54,"251":-54,"252":-54,"253":-100,"255":-100,"262":-63,"268":-63,"283":-54,"338":-86,"339":-54,"366":-35,"367":-54,"8218":18,"8222":18},"76":{"79":-35,"84":-165,"85":-54,"86":-137,"87":-86,"89":-155,"121":-123,"210":-35,"211":-35,"212":-35,"213":-35,"214":-35,"216":-35,"217":-54,"218":-54,"219":-54,"220":-54,"221":-155,"253":-123,"255":-123,"338":-35,"356":-165,"366":-54,"376":-155,"8217":-248,"8221":-257},"79":{"44":-21,"45":18,"46":-21,"86":-35,"88":-35,"89":-72,"221":-72,"376":-72},"80":{"44":-257,"45":-17,"46":-257,"65":-91,"97":-63,"101":-26,"114":-30,"115":-35,"117":-35,"192":-91,"193":-91,"194":-91,"195":-91,"196":-91,"224":-63,"225":-63,"226":-63,"227":-63,"228":-63,"229":-63,"230":-63,"232":-26,"233":-26,"234":-26,"235":-26,"249":-35,"250":-35,"251":-35,"252":-35,"283":-26,"341":-30,"345":-30,"351":-35,"353":-35,"367":-35,"8217":27,"8218":-202,"8221":18,"8222":-202},"81":{"45":18},"82":{"44":18,"46":18,"84":-44,"89":-91,"101":-49,"111":-49,"117":-54,"121":-63,"221":-91,"232":-49,"233":-49,"234":-49,"235":-49,"242":-49,"243":-49,"244":-49,"245":-49,"246":-49,"248":-49,"249":-54,"250":-54,"251":-54,"252":-54,"253":-63,"255":-63,"283":-49,"339":-49,"356":-44,"367":-54,"376":-91},"83":{"83":-35,"350":-35,"352":-35},"84":{"44":-160,"45":-146,"46":-169,"58":-54,"59":-54,"65":-77,"84":22,"97":-118,"99":-128,"101":-128,"111":-128,"114":-109,"115":-118,"117":-128,"119":-137,"121":-165,"192":-77,"193":-77,"194":-77,"195":-77,"196":-77,"224":-118,"225":-118,"226":-118,"227":-118,"228":-118,"229":-118,"230":-118,"231":-128,"232":-128,"233":-128,"234":-128,"235":-128,"242":-128,"243":-128,"244":-128,"245":-128,"246":-128,"248":-128,"249":-128,"250":-128,"251":-128,"252":-128,"253":-165,"255":-165,"263":-128,"269":-128,"283":-128,"339":-128,"341":-109,"345":-109,"351":-118,"353":-118,"356":22,"367":-128,"8218":-146,"8222":-146},"85":{"65":-44,"192":-44,"193":-44,"194":-44,"195":-44,"196":-44},"86":{"44":-155,"45":-72,"46":-155,"58":-44,"59":-44,"65":-67,"79":-17,"97":-77,"101":-72,"105":-17,"111":-72,"117":-72,"192":-67,"193":-67,"194":-67,"195":-67,"196":-67,"210":-17,"211":-17,"212":-17,"213":-17,"214":-17,"216":-17,"224":-77,"225":-77,"226":-77,"227":-77,"228":-77,"229":-77,"230":-77,"232":-72,"233":-72,"234":-72,"235":-72,"242":-72,"243":-72,"244":-72,"245":-72,"246":-72,"248":-72,"249":-72,"250":-72,"251":-72,"252":-72,"283":-72,"338":-21,"339":-72,"367":-72,"8218":-132,"8222":-132},"87":{"44":-86,"45":-44,"46":-86,"58":-30,"59":-30,"65":-35,"97":-67,"101":-63,"111":-54,"114":-58,"192":-35,"193":-35,"194":-35,"195":-35,"196":-35,"224":-67,"225":-67,"226":-67,"227":-67,"228":-67,"229":-67,"230":-67,"232":-63,"233":-63,"234":-63,"235":-63,"242":-54,"243":-54,"244":-54,"245":-54,"246":-54,"248":-54,"283":-63,"339":-54,"341":-58,"345":-58},"88":{"45":-118,"67":-35,"79":-35,"101":-63,"199":-35,"210":-35,"211":-35,"212":-35,"213":-35,"214":-35,"216":-35,"232":-63,"233":-63,"234":-63,"235":-63,"262":-35,"268":-35,"283":-63,"338":-54},"89":{"44":-165,"45":-146,"46":-165,"58":-86,"59":-86,"65":-95,"67":-35,"79":-35,"97":-118,"101":-128,"111":-128,"117":-109,"192":-95,"193":-95,"194":-95,"195":-95,"196":-95,"199":-35,"210":-35,"211":-35,"212":-35,"213":-35,"214":-35,"216":-35,"224":-118,"225":-118,"226":-118,"227":-118,"228":-118,"229":-118,"230":-118,"232":-128,"233":-128,"234":-128,"235":-128,"242":-128,"243":-128,"244":-128,"245":-128,"246":-128,"248":-128,"249":-109,"250":-109,"251":-109,"252":-109,"262":-35,"268":-35,"283":-128,"338":-58,"339":-128,"367":-109,"8218":-183,"8222":-197},"90":{"45":-72},"97":{"121":-30,"253":-30,"255":-30},"102":{"44":-54,"45":-17,"46":-54,"8217":68,"8221":41},"107":{"101":-35,"111":-35,"232":-35,"233":-35,"234":-35,"235":-35,"242":-35,"243":-35,"244":-35,"245":-35,"246":-35,"248":-21,"283":-35,"339":-35},"114":{"44":-146,"46":-142,"8217":41,"8221":18},"118":{"44":-81,"46":-81},"119":{"44":-63,"46":-63},"121":{"44":-77,"46":-91},"192":{"44":18,"46":18,"58":18,"59":18,"67":-30,"79":-30,"84":-95,"85":-44,"86":-67,"87":-54,"89":-114,"99":-30,"100":-30,"116":-54,"118":-54,"119":-44,"121":-72,"199":-30,"210":-30,"211":-30,"212":-30,"213":-30,"214":-30,"216":-30,"217":-44,"218":-44,"219":-44,"220":-44,"221":-114,"231":-30,"253":-72,"255":-72,"262":-30,"263":-30,"264":-30,"265":-30,"266":-30,"267":-30,"268":-30,"269":-30,"271":-30,"273":-30,"332":-30,"334":-30,"336":-30,"338":-30,"354":-95,"355":-54,"356":-95,"357":-54,"360":-44,"362":-44,"364":-44,"366":-44,"368":-44,"370":-44,"372":-54,"373":-44,"374":-114,"375":-72,"376":-114,"490":-30,"492":-30,"538":-95,"539":-54,"558":-30,"562":-114,"563":-72,"7808":-54,"7809":-44,"7810":-54,"7811":-44,"7812":-54,"7813":-44,"7922":-114,"7923":-72,"8217":-123,"8218":50,"8221":-123,"8222":50},"193":{"44":18,"46":18,"58":18,"59":18,"67":-30,"79":-30,"84":-95,"85":-44,"86":-67,"87":-54,"89":-114,"99":-30,"100":-30,"116":-54,"118":-54,"119":-44,"121":-72,"199":-30,"210":-30,"211":-30,"212":-30,"213":-30,"214":-30,"216":-30,"217":-44,"218":-44,"219":-44,"220":-44,"221":-114,"231":-30,"253":-72,"255":-72,"262":-30,"263":-30,"264":-30,"265":-30,"266":-30,"267":-30,"268":-30,"269":-30,"271":-30,"273":-30,"332":-30,"334":-30,"336":-30,"338":-30,"354":-95,"355":-54,"356":-95,"357":-54,"360":-44,"362":-44,"364":-44,"366":-44,"368":-44,"370":-44,"372":-54,"373":-44,"374":-114,"375":-72,"376":-114,"490":-30,"492":-30,"538":-95,"539":-54,"558":-30,"562":-114,"563":-72,"7808":-54,"7809":-44,"7810":-54,"7811":-44,"7812":-54,"7813":-44,"7922":-114,"7923":-72,"8217":-123,"8218":50,"8221":-123,"8222":50},"194":{"44":18,"46":18,"58":18,"59":18,"67":-30,"79":-30,"84":-95,"85":-44,"86":-67,"87":-54,"89":-114,"99":-30,"100":-30,"116":-54,"118":-54,"119":-44,"121":-72,"199":-30,"210":-30,"211":-30,"212":-30,"213":-30,"214":-30,"216":-30,"217":-44,"218":-44,"219":-44,"220":-44,"221":-114,"231":-30,"253":-72,"255":-72,"262":-30,"263":-30,"264":-30,"265":-30,"266":-30,"267":-30,"268":-30,"269":-30,"271":-30,"273":-30,"332":-30,"334":-30,"336":-30,"338":-30,"354":-95,"355":-54,"356":-95,"357":-54,"360":-44,"362":-44,"364":-44,"366":-44,"368":-44,"370":-44,"372":-54,"373":-44,"374":-114,"375":-72,"376":-114,"490":-30,"492":-30,"538":-95,"539":-54,"558":-30,"562":-114,"563":-72,"7808":-54,"7809":-44,"7810":-54,"7811":-44,"7812":-54,"7813":-44,"7922":-114,"7923":-72,"8217":-123,"8218":50,"8221":-123,"8222":50},"195":{"44":18,"46":18,"58":18,"59":18,"67":-30,"79":-30,"84":-95,"85":-44,"86":-67,"87":-54,"89":-114,"99":-30,"100":-30,"116":-54,"118":-54,"119":-44,"121":-72,"199":-30,"210":-30,"211":-30,"212":-30,"213":-30,"214":-30,"216":-30,"217":-44,"218":-44,"219":-44,"220":-44,"221":-114,"231":-30,"253":-72,"255":-72,"262":-30,"263":-30,"264":-30,"265":-30,"266":-30,"267":-30,"268":-30,"269":-30,"271":-30,"273":-30,"332":-30,"334":-30,"336":-30,"338":-30,"354":-95,"355":-54,"356":-95,"357":-54,"360":-44,"362":-44,"364":-44,"366":-44,"368":-44,"370":-44,"372":-54,"373":-44,"374":-114,"375":-72,"376":-114,"490":-30,"492":-30,"538":-95,"539":-54,"558":-30,"562":-114,"563":-72,"7808":-54,"7809":-44,"7810":-54,"7811":-44,"7812":-54,"7813":-44,"7922":-114,"7923":-72,"8217":-123,"8218":50,"8221":-123,"8222":50},"196":{"44":18,"46":18,"58":18,"59":18,"67":-30,"79":-30,"84":-95,"85":-44,"86":-67,"87":-54,"89":-114,"99":-30,"100":-30,"116":-54,"118":-54,"119":-44,"121":-72,"199":-30,"210":-30,"211":-30,"212":-30,"213":-30,"214":-30,"216":-30,"217":-44,"218":-44,"219":-44,"220":-44,"221":-114,"231":-30,"253":-72,"255":-72,"262":-30,"263":-30,"264":-30,"265":-30,"266":-30,"267":-30,"268":-30,"269":-30,"271":-30,"273":-30,"332":-30,"334":-30,"336":-30,"338":-30,"354":-95,"355":-54,"356":-95,"357":-54,"360":-44,"362":-44,"364":-44,"366":-44,"368":-44,"370":-44,"372":-54,"373":-44,"374":-114,"375":-72,"376":-114,"490":-30,"492":-30,"538":-95,"539":-54,"558":-30,"562":-114,"563":-72,"7808":-54,"7809":-44,"7810":-54,"7811":-44,"7812":-54,"7813":-44,"7922":-114,"7923":-72,"8217":-123,"8218":50,"8221":-123,"8222":50},"198":{"45":-17},"199":{"83":-35,"346":-35,"348":-35,"350":-35,"352":-35,"536":-35},"208":{"45":18,"89":-77,"221":-77,"374":-77,"376":-77,"562":-77,"7922":-77,"8218":-17,"8222":-17},"210":{"44":-21,"45":18,"46":-21,"86":-35,"88":-35,"89":-72,"221":-72,"376":-72},"211":{"44":-21,"45":18,"46":-21,"86":-35,"88":-35,"89":-72,"221":-72,"376":-72},"212":{"44":-21,"45":18,"46":-21,"86":-35,"88":-35,"89":-72,"221":-72,"376":-72},"213":{"44":-21,"45":18,"46":-21,"86":-35,"88":-35,"89":-72,"221":-72,"376":-72},"214":{"44":-21,"45":18,"46":-21,"86":-35,"88":-35,"89":-72,"221":-72,"376":-72},"216":{"44":-21,"45":18,"46":-21,"65":-17,"86":-17,"88":-35,"89":-17,"192":-17,"193":-17,"194":-17,"195":-17,"196":-17,"221":-17,"376":-17},"217":{"65":-44,"192":-44,"193":-44,"194":-44,"195":-44,"196":-44},"218":{"65":-44,"192":-44,"193":-44,"194":-44,"195":-44,"196":-44},"219":{"65":-44,"192":-44,"193":-44,"194":-44,"195":-44,"196":-44},"220":{"65":-44,"192":-44,"193":-44,"194":-44,"195":-44,"196":-44},"221":{"44":-165,"45":-146,"46":-165,"58":-86,"59":-86,"65":-95,"67":-35,"79":-35,"97":-118,"101":-128,"111":-128,"117":-109,"192":-95,"193":-95,"194":-95,"195":-95,"196":-95,"199":-35,"210":-35,"211":-35,"212":-35,"213":-35,"214":-35,"216":-35,"224":-118,"225":-118,"226":-118,"227":-118,"228":-118,"229":-118,"230":-118,"232":-128,"233":-128,"234":-128,"235":-128,"242":-128,"243":-128,"244":-128,"245":-128,"246":-128,"248":-128,"249":-109,"250":-109,"251":-109,"252":-109,"262":-35,"268":-35,"283":-128,"338":-58,"339":-128,"367":-109,"8218":-183,"8222":-197},"224":{"121":-30,"253":-30,"255":-30},"225":{"121":-30,"253":-30,"255":-30},"226":{"121":-30,"253":-30,"255":-30},"227":{"121":-30,"253":-30,"255":-30},"228":{"121":-30,"253":-30,"255":-30},"229":{"121":-30,"253":-30,"255":-30},"253":{"44":-77,"46":-91},"255":{"44":-77,"46":-91},"256":{"44":18,"46":18,"58":18,"59":18,"67":-30,"79":-30,"84":-95,"85":-44,"86":-67,"87":-54,"89":-114,"99":-30,"100":-30,"116":-54,"118":-54,"119":-44,"121":-72,"199":-30,"210":-30,"211":-30,"212":-30,"213":-30,"214":-30,"216":-30,"217":-44,"218":-44,"219":-44,"220":-44,"221":-114,"231":-30,"253":-72,"255":-72,"262":-30,"263":-30,"264":-30,"265":-30,"266":-30,"267":-30,"268":-30,"269":-30,"271":-30,"273":-30,"332":-30,"334":-30,"336":-30,"338":-30,"354":-95,"355":-54,"356":-95,"357":-54,"360":-44,"362":-44,"364":-44,"366":-44,"368":-44,"370":-44,"372":-54,"373":-44,"374":-114,"375":-72,"376":-114,"490":-30,"492":-30,"538":-95,"539":-54,"558":-30,"562":-114,"563":-72,"7808":-54,"7809":-44,"7810":-54,"7811":-44,"7812":-54,"7813":-44,"7922":-114,"7923":-72,"8217":-123,"8218":50,"8221":-123,"8222":50},"258":{"44":18,"46":18,"58":18,"59":18,"67":-30,"79":-30,"84":-95,"85":-44,"86":-67,"87":-54,"89":-114,"99":-30,"100":-30,"116":-54,"118":-54,"119":-44,"121":-72,"199":-30,"210":-30,"211":-30,"212":-30,"213":-30,"214":-30,"216":-30,"217":-44,"218":-44,"219":-44,"220":-44,"221":-114,"231":-30,"253":-72,"255":-72,"262":-30,"263":-30,"264":-30,"265":-30,"266":-30,"267":-30,"268":-30,"269":-30,"271":-30,"273":-30,"332":-30,"334":-30,"336":-30,"338":-30,"354":-95,"355":-54,"356":-95,"357":-54,"360":-44,"362":-44,"364":-44,"366":-44,"368":-44,"370":-44,"372":-54,"373":-44,"374":-114,"375":-72,"376":-114,"490":-30,"492":-30,"538":-95,"539":-54,"558":-30,"562":-114,"563":-72,"7808":-54,"7809":-44,"7810":-54,"7811":-44,"7812":-54,"7813":-44,"7922":-114,"7923":-72,"8217":-123,"8218":50,"8221":-123,"8222":50},"260":{"44":18,"46":18,"58":18,"59":18,"67":-30,"79":-30,"84":-95,"85":-44,"86":-67,"87":-54,"89":-114,"99":-30,"100":-30,"116":-54,"118":-54,"119":-44,"121":-72,"199":-30,"210":-30,"211":-30,"212":-30,"213":-30,"214":-30,"216":-30,"217":-44,"218":-44,"219":-44,"220":-44,"221":-114,"231":-30,"253":-72,"255":-72,"262":-30,"263":-30,"264":-30,"265":-30,"266":-30,"267":-30,"268":-30,"269":-30,"271":-30,"273":-30,"332":-30,"334":-30,"336":-30,"338":-30,"354":-95,"355":-54,"356":-95,"357":-54,"360":-44,"362":-44,"364":-44,"366":-44,"368":-44,"370":-44,"372":-54,"373":-44,"374":-114,"375":-72,"376":-114,"490":-30,"492":-30,"538":-95,"539":-54,"558":-30,"562":-114,"563":-72,"7808":-54,"7809":-44,"7810":-54,"7811":-44,"7812":-54,"7813":-44,"7922":-114,"7923":-72,"8217":-123,"8218":50,"8221":-123,"8222":50},"262":{"83":-35,"346":-35,"348":-35,"350":-35,"352":-35,"536":-35},"264":{"83":-35,"346":-35,"348":-35,"350":-35,"352":-35,"536":-35},"266":{"83":-35,"346":-35,"348":-35,"350":-35,"352":-35,"536":-35},"268":{"83":-35,"346":-35,"348":-35,"350":-35,"352":-35,"536":-35},"270":{"45":18,"89":-77,"221":-77,"374":-77,"376":-77,"562":-77,"7922":-77,"8218":-17,"8222":-17},"272":{"45":18,"89":-77,"221":-77,"374":-77,"376":-77,"562":-77,"7922":-77,"8218":-17,"8222":-17},"286":{"84":-17,"89":-40,"221":-40,"356":-17,"376":-40},"313":{"79":-35,"84":-165,"85":-54,"86":-137,"87":-86,"89":-155,"121":-123,"210":-35,"211":-35,"212":-35,"213":-35,"214":-35,"216":-35,"217":-54,"218":-54,"219":-54,"220":-54,"221":-155,"253":-123,"255":-123,"338":-35,"356":-165,"366":-54,"376":-155,"8217":-248,"8221":-257},"317":{"79":-35,"84":-165,"85":-54,"86":-137,"87":-86,"89":-155,"121":-123,"210":-35,"211":-35,"212":-35,"213":-35,"214":-35,"216":-35,"217":-54,"218":-54,"219":-54,"220":-54,"221":-155,"253":-123,"255":-123,"338":-35,"356":-165,"366":-54,"376":-155,"8217":-248,"8221":-257},"320":{"108":-3},"321":{"79":-35,"84":-165,"85":-35,"86":-137,"87":-77,"89":-155,"121":-123,"210":-35,"211":-35,"212":-35,"213":-35,"214":-35,"216":-35,"217":-35,"218":-35,"219":-35,"220":-35,"221":-155,"253":-123,"255":-123,"338":-35,"356":-165,"366":-35,"376":-155,"8217":-128,"8221":-128},"340":{"44":18,"46":18,"84":-44,"89":-91,"101":-49,"111":-49,"117":-54,"121":-63,"221":-91,"232":-49,"233":-49,"234":-49,"235":-49,"242":-49,"243":-49,"244":-49,"245":-49,"246":-49,"248":-49,"249":-54,"250":-54,"251":-54,"252":-54,"253":-63,"255":-63,"283":-49,"339":-49,"356":-44,"367":-54,"376":-91},"341":{"44":-146,"46":-142,"8217":41,"8221":18},"344":{"44":18,"46":18,"84":-44,"89":-91,"101":-49,"111":-49,"117":-54,"121":-63,"221":-91,"232":-49,"233":-49,"234":-49,"235":-49,"242":-49,"243":-49,"244":-49,"245":-49,"246":-49,"248":-49,"249":-54,"250":-54,"251":-54,"252":-54,"253":-63,"255":-63,"283":-49,"339":-49,"356":-44,"367":-54,"376":-91},"345":{"44":-146,"46":-142,"8217":41,"8221":18},"350":{"83":-35,"350":-35,"352":-35},"352":{"83":-35,"350":-35,"352":-35},"356":{"44":-160,"45":-146,"46":-169,"58":-54,"59":-54,"65":-77,"84":22,"97":-118,"99":-128,"101":-128,"111":-128,"114":-109,"115":-118,"117":-128,"119":-137,"121":-165,"192":-77,"193":-77,"194":-77,"195":-77,"196":-77,"224":-118,"225":-118,"226":-118,"227":-118,"228":-118,"229":-118,"230":-118,"231":-128,"232":-128,"233":-128,"234":-128,"235":-128,"242":-128,"243":-128,"244":-128,"245":-128,"246":-128,"248":-128,"249":-128,"250":-128,"251":-128,"252":-128,"253":-165,"255":-165,"263":-128,"269":-128,"283":-128,"339":-128,"341":-109,"345":-109,"351":-118,"353":-118,"356":22,"367":-128,"8218":-146,"8222":-146},"357":{"356":-54},"366":{"65":-44,"192":-44,"193":-44,"194":-44,"195":-44,"196":-44,"366":-44},"376":{"44":-165,"45":-146,"46":-165,"58":-86,"59":-86,"65":-95,"67":-35,"79":-35,"97":-118,"101":-128,"111":-128,"117":-109,"192":-95,"193":-95,"194":-95,"195":-95,"196":-95,"199":-35,"210":-35,"211":-35,"212":-35,"213":-35,"214":-35,"216":-35,"224":-118,"225":-118,"226":-118,"227":-118,"228":-118,"229":-118,"230":-118,"232":-128,"233":-128,"234":-128,"235":-128,"242":-128,"243":-128,"244":-128,"245":-128,"246":-128,"248":-128,"249":-109,"250":-109,"251":-109,"252":-109,"262":-35,"268":-35,"283":-128,"338":-58,"339":-128,"367":-109,"8218":-183,"8222":-197},"381":{"45":-72},"699":{"65":-132,"74":-44,"86":18,"89":36,"192":-132,"193":-132,"194":-132,"195":-132,"196":-132,"198":-128,"221":36,"376":36},"8208":{"84":-146,"86":-72,"87":-44,"88":-100,"89":-165,"221":-165,"356":-146,"376":-165},"8216":{"65":-132,"74":-44,"86":18,"89":36,"192":-132,"193":-132,"194":-132,"195":-132,"196":-132,"198":-128,"221":36,"376":36},"8218":{"84":-220,"86":-165,"87":-109,"89":-202,"221":-202,"356":-220,"376":-202},"8220":{"65":-128,"74":-44,"89":18,"192":-128,"193":-128,"194":-128,"195":-128,"196":-128,"198":-146,"221":18,"376":18},"8222":{"84":-220,"86":-165,"87":-109,"89":-202,"221":-202,"356":-220,"376":-202},"42788":{"44":-160,"45":-146,"46":-169,"58":-54,"59":-54,"65":-77,"84":22,"97":-118,"99":-128,"101":-128,"111":-128,"114":-109,"115":-118,"117":-128,"119":-137,"121":-165,"192":-77,"193":-77,"194":-77,"195":-77,"196":-77,"224":-118,"225":-118,"226":-118,"227":-118,"228":-118,"229":-118,"230":-118,"231":-128,"232":-128,"233":-128,"234":-128,"235":-128,"242":-128,"243":-128,"244":-128,"245":-128,"246":-128,"248":-128,"249":-128,"250":-128,"251":-128,"252":-128,"253":-165,"255":-165,"263":-128,"269":-128,"283":-128,"339":-128,"341":-109,"345":-109,"351":-118,"353":-118,"356":22,"367":-128,"8218":-146,"8222":-146},"42816":{"45":-123,"67":-63,"79":-63,"85":-35,"87":-26,"101":-54,"111":-54,"117":-54,"121":-100,"199":-63,"210":-63,"211":-63,"212":-63,"213":-63,"214":-63,"216":-26,"217":-35,"218":-35,"219":-35,"220":-35,"232":-54,"233":-54,"234":-54,"235":-54,"242":-54,"243":-54,"244":-54,"245":-54,"246":-54,"248":-54,"249":-54,"250":-54,"251":-54,"252":-54,"253":-100,"255":-100,"262":-63,"268":-63,"283":-54,"338":-86,"339":-54,"366":-35,"367":-54,"8218":18,"8222":18},"42817":{"101":-35,"111":-35,"232":-35,"233":-35,"234":-35,"235":-35,"242":-35,"243":-35,"244":-35,"245":-35,"246":-35,"248":-21,"283":-35,"339":-35},"61185":{"61209":-26},"61186":{"61209":-50},"61187":{"61209":-61},"61188":{"61209":-66},"61189":{"61209":-26},"61191":{"61209":-26},"61192":{"61209":-50},"61193":{"61209":-61},"61194":{"61209":-50},"61195":{"61209":-26},"61197":{"61209":-26},"61198":{"61209":-50},"61199":{"61209":-61},"61200":{"61209":-50},"61201":{"61209":-26},"61203":{"61209":-26},"61204":{"61209":-66},"61205":{"61209":-61},"61206":{"61209":-50},"61207":{"61209":-26}}}